name,type,size,email,postcode
Ark Kings academy,State school - mixed,30,j.sacks@arkkingsacademy.org,B61 0HH
St Albans School,"Independent school - single sex boys (Y7-11), mixed (Y12-13)",40,yleong@st-albans.herts.sch.uk,AL3 4HB
Long Field Spencer Academy,State school - mixed,40,asaltinstall@longfieldspencer.org.uk,LE13 0RL
The Priory Ruskin Academy,State school - mixed,30,amoore@prioryacademies.co.uk,NG31 8ED
Lingfield College,Independent School - mixed,30,Pricopied@lingfieldcollege.co.uk,RH7 6PH
Lingfield College,Independent School - mixed,30,Pricopied@lingfieldcollege.co.uk,RH7 6PH
Highams Park School,State school - mixed,16,mliu@highamsparkschool.co.uk,E4 9PJ
Northolt High School,State school - single sex girls,30,twoodhouse@northolthigh.org.uk,UB5 4HP
Sir Henry Floyd Grammar School,State school - mixed,40,phand@shfgs.co.uk,HP21 8PE
The Castle School,State school - mixed,40,jennifer.griggs@cset.co.uk,BS35 1HT
Hardenhuish School,State school - mixed,30,cmm@hardenhuish.wilts.sch.uk,SN14 6RJ
